test_id,gene_id,gene,locus,sample_1,sample_2,status,value_1,value_2,log2(fold_change),test_stat,p_value,q_value,significant
ENSG00000096093,ENSG00000096093,EFHC1,6:52361420-52643058,SIRS,Severe_Sepsis,OK,1.57695,0.314514,-2.32594,-0.518116,5.00E-05,0.0157163,yes
ENSG00000103852,ENSG00000103852,TTC23,15:99136322-99251223,SIRS,Severe_Sepsis,OK,1.98686,0.152828,-3.70051,-0.666417,5.00E-05,0.0157163,yes
ENSG00000155545,ENSG00000155545,MIER3,5:56900040-56971675,SIRS,Severe_Sepsis,OK,8.69757,0.169973,-5.67723,-0.676699,5.00E-05,0.0157163,yes
ENSG00000160856,ENSG00000160856,FCRL3,1:157674320-157700769,SIRS,Severe_Sepsis,OK,2.54913,0.501641,-2.34528,-1.14724,0.0004,0.0481967,yes
ENSG00000197283,ENSG00000197283,SYNGAP1,6:33419660-33457544,SIRS,Severe_Sepsis,OK,59.4398,9.31393,-2.67397,-2.68132,0.00015,0.0328614,yes
ENSG00000226891,ENSG00000226891,LINC01359,1:64745094-65067754,SIRS,Severe_Sepsis,OK,2.46404,0.244723,-3.3318,-0.383606,0.0006,0.0556115,no
ENSG00000262902,ENSG00000262902,MTCO1P40,17:53105733-53106358,SIRS,Severe_Sepsis,OK,88.7292,5.91342,-3.90734,-3.18237,5.00E-05,0.0157163,yes
